{
  "lang":"en",
  "name":"pipeline",
  "version":"0.0.0",
  "spacy_version":">=3.4.3,<3.5.0",
  "description":"",
  "author":"",
  "email":"",
  "url":"",
  "license":"",
  "spacy_git_version":"63673a792",
  "vectors":{
    "width":0,
    "vectors":0,
    "keys":0,
    "name":null,
    "mode":"default"
  },
  "labels":{
    "tok2vec":[

    ],
    "ner":[
      "CASE_NUMBER",
      "COURT",
      "DATE",
      "GPE",
      "JUDGE",
      "LAWYER",
      "ORG",
      "OTHER_PERSON",
      "PETITIONER",
      "PRECEDENT",
      "PROVISION",
      "RESPONDENT",
      "STATUTE",
      "WITNESS"
    ]
  },
  "pipeline":[
    "tok2vec",
    "ner"
  ],
  "components":[
    "tok2vec",
    "ner"
  ],
  "disabled":[

  ],
  "performance":{
    "ents_f":0.669447341,
    "ents_p":0.7065297139,
    "ents_r":0.6360634082,
    "ents_per_type":{
      "COURT":{
        "p":0.8745247148,
        "r":0.8156028369,
        "f":0.8440366972
      },
      "PETITIONER":{
        "p":0.5028901734,
        "r":0.4806629834,
        "f":0.4915254237
      },
      "LAWYER":{
        "p":0.8834745763,
        "r":0.8241106719,
        "f":0.8527607362
      },
      "RESPONDENT":{
        "p":0.6145833333,
        "r":0.6654135338,
        "f":0.6389891697
      },
      "JUDGE":{
        "p":0.7933333333,
        "r":0.7727272727,
        "f":0.7828947368
      },
      "OTHER_PERSON":{
        "p":0.4926470588,
        "r":0.5095057034,
        "f":0.5009345794
      },
      "DATE":{
        "p":0.8341013825,
        "r":0.837962963,
        "f":0.8360277136
      },
      "PROVISION":{
        "p":0.8605577689,
        "r":0.8404669261,
        "f":0.8503937008
      },
      "GPE":{
        "p":0.6341463415,
        "r":0.2921348315,
        "f":0.4
      },
      "WITNESS":{
        "p":0.5263157895,
        "r":0.1724137931,
        "f":0.2597402597
      },
      "CASE_NUMBER":{
        "p":0.4111111111,
        "r":0.313559322,
        "f":0.3557692308
      },
      "STATUTE":{
        "p":0.8121827411,
        "r":0.7239819005,
        "f":0.7655502392
      },
      "ORG":{
        "p":0.3870967742,
        "r":0.3096774194,
        "f":0.3440860215
      },
      "PRECEDENT":{
        "p":0.453125,
        "r":0.3352601156,
        "f":0.3853820598
      }
    },
    "tok2vec_loss":21239.3206892751,
    "ner_loss":47983.9347148626
  }
}