{
  "lang":"en",
  "name":"pipeline",
  "version":"0.0.0",
  "spacy_version":">=3.4.3,<3.5.0",
  "description":"",
  "author":"",
  "email":"",
  "url":"",
  "license":"",
  "spacy_git_version":"63673a792",
  "vectors":{
    "width":0,
    "vectors":0,
    "keys":0,
    "name":null,
    "mode":"default"
  },
  "labels":{
    "tok2vec":[

    ],
    "ner":[
      "CASE_NUMBER",
      "COURT",
      "DATE",
      "GPE",
      "JUDGE",
      "LAWYER",
      "ORG",
      "OTHER_PERSON",
      "PETITIONER",
      "PRECEDENT",
      "PROVISION",
      "RESPONDENT",
      "STATUTE",
      "WITNESS"
    ]
  },
  "pipeline":[
    "tok2vec",
    "ner"
  ],
  "components":[
    "tok2vec",
    "ner"
  ],
  "disabled":[

  ],
  "performance":{
    "ents_f":0.700729927,
    "ents_p":0.7395451211,
    "ents_r":0.6657859974,
    "ents_per_type":{
      "COURT":{
        "p":0.912,
        "r":0.8085106383,
        "f":0.8571428571
      },
      "PETITIONER":{
        "p":0.5706214689,
        "r":0.5580110497,
        "f":0.5642458101
      },
      "LAWYER":{
        "p":0.8948497854,
        "r":0.8241106719,
        "f":0.8580246914
      },
      "RESPONDENT":{
        "p":0.6323529412,
        "r":0.6466165414,
        "f":0.6394052045
      },
      "JUDGE":{
        "p":0.7973856209,
        "r":0.7922077922,
        "f":0.7947882736
      },
      "OTHER_PERSON":{
        "p":0.5421245421,
        "r":0.5627376426,
        "f":0.552238806
      },
      "DATE":{
        "p":0.8955223881,
        "r":0.8333333333,
        "f":0.8633093525
      },
      "PROVISION":{
        "p":0.8924302789,
        "r":0.8715953307,
        "f":0.8818897638
      },
      "GPE":{
        "p":0.5943396226,
        "r":0.3539325843,
        "f":0.4436619718
      },
      "CASE_NUMBER":{
        "p":0.5108695652,
        "r":0.3983050847,
        "f":0.4476190476
      },
      "PRECEDENT":{
        "p":0.5571428571,
        "r":0.450867052,
        "f":0.4984025559
      },
      "WITNESS":{
        "p":0.6,
        "r":0.1551724138,
        "f":0.2465753425
      },
      "ORG":{
        "p":0.4852941176,
        "r":0.4258064516,
        "f":0.4536082474
      },
      "STATUTE":{
        "p":0.8298969072,
        "r":0.7285067873,
        "f":0.7759036145
      }
    },
    "tok2vec_loss":21825.6344182234,
    "ner_loss":40775.6367356237
  }
}